<?xml version="1.0" encoding="UTF-8"?>
<metadata xml:lang="en"><Esri><CreaDate>20141008</CreaDate><CreaTime>14331200</CreaTime><ArcGISFormat>1.0</ArcGISFormat><ArcGISstyle>ISO 19139 Metadata Implementation Specification</ArcGISstyle><SyncOnce>TRUE</SyncOnce><DataProperties><itemProps><itemLocation><linkage Sync="TRUE">file://\\SDM53MBA\C$\DATA\GIS_Projects\YaleGISWorshops\Geocoding\ArcGIS Custom Locator\Geocoding_Data\MostExpensiveCities.csv</linkage><protocol Sync="TRUE">Local Area Network</protocol></itemLocation></itemProps><copyHistory><copy source="C:\DATA\GIS_Projects\YaleGISWorshops\Geocoding\ArcGIS Custom Locator\MostExpensiveCities.csv" dest="\\SDM53MBA\C$\DATA\GIS_Projects\YaleGISWorshops\Geocoding\ArcGIS Custom Locator\Geocoding_Data\MostExpensiveCities.csv" date="20141008" time="14331200"></copy></copyHistory></DataProperties></Esri></metadata>
